{
    "ar_y1": 6.599175580594761794e-2,
    "ar_y2": 2.412015264264981281e+2,
    "ar_y3": 7.159457423778812337e-2,
    "ar_y4": 4.692927410302225416e+0,
    "ar_y5": 1.844076990996893649e+1,
    "ar_y6": 1.593491913408924356e-2,
    "ir_y1": 1.191167928876664548e+0,
    "ir_y2": 2.227201415402780948e-2,
    "ir_y21": 1.150337613702569903e+1,
    "ir_y3": 1.490909562787938013e+1,
    "ir_y4": 1.173162927762761126e-3,
    "ir_y5": 1.055539858320017903e+1,
    "ir_y6": 4.692647676240116625e+1
}