{
    "dr_x1": 2.564942117489830142e-01,
    "dr_x2": 1.267224498665787125e-01,
    "dr_x5": 1.738330026077097523e+00 ,
    "dr_x6": 1.317475573020209900e+00,
    "dr_y1": 4.976573095779383560e-01,
    "dr_y2": 4.194688514866407036e-01,
    "dr_y3": 6.742596561332968585e-01,
    "dr_y4": 2.351958333610288110e-01,
    "dr_y5": 3.197617234404495634e-01,
    "dr_y6": 3.235262589056132621e-01,
    "dr_z1": 3.124555715511229681e-01,
    "dr_z2": 6.624571742098343818e-02,
    "dr_z5": 6.229271501018978086e-01,
    "dr_z6": 3.377870050255301071e-01,
    "dr_z7": 7.913302534203098260e-01,
    "dr_z8": 3.014514026455459850e-01
}