{
    "b": 7.998893307495355209e+00,
    "c": 4.556824965925581949e+00,
    "e": 5.191088583384184219e+00,
    "f": 7.952539494977783896e+00,
    "f1": 1.000000117905025299e+00
}