{
    "tr_y1": 1.431354527758984853e-1,
    "tr_y2": 4.965296779911713834e-2,
    "tr_y3": 7.932982361148008e-3,
    "tr_y4": 3.932653049696905e-2,
    "tr_y5": 2.672998453860527381e-3,
    "tr_y6": 2.72810868317911e-3
}