{
    "x1": 2.486253586445487178e-10,
    "x2": 2.151349593068001367e-09,
    "x5": 2.472700448838142122e-08,
    "x6": 5.781339561563378304e-09,
    "y1": 4.054458291874031532e-11,
    "y2": 4.809069678882959188e-11,
    "y3": 1.045873738965942360e-10,
    "y4": 4.752876779502078871e-11,
    "y5": 1.622782273192529157e-12,
    "z1": 4.569941602971014853e-08,
    "z2": 2.620451401330317123e-08,
    "z4": 1.317177297700647425e-08,
    "z5": 2.799072237516230382e-08,
    "z6": 5.024124635974560505e-08,
    "z7": 1.749232898512256547e-08,
    "z8": 2.998918347309681944e-08,
    "z9": 4.692227027913311010e-09,
    "y6": 9.338392872002107426e-12
}