{
    "pr_z1": 4.696348431243051209e+02,
    "pr_z2": 3.849242746066815357e+02,
    "pr_z5": 2.884416548556342832e+02,
    "pr_z6": 2.695929970235080873e+03,
    "pr_z7": 3.386881194607955763e+02,
    "pr_z8": 8.035155914224467324e+02
}