{
    "kf_z9": 6.570116403835508972e-02,
    "kf_z4": 3.176076047002232820e-02,
    "kd_z9": 2.790128565285300843e-01,
    "kd_z4": 2.102775567110771668e-02
}