{
    "a": 3.003844636864970141e+01,
    "d": 6.056629625022718955e+00,
    "g": 1.983470062085320365e+02,
    "h": 9.753748815212851753e+00,
    "i": 12,
    "j": 3.350718951818094649e+00
}