{
    "dr_x1": 0.05,
    "dr_x2": 0.05,
    "dr_x3": 0.05,
    "dr_z1": 0.25,
    "tr_x1": 2,
    "tr_x2": 2.2,
    "expr_z1": 0.066666667,
    "impr_x3": 0.088888889,
    "kf_x3": 0.08,
    "kd_x3": 0.06,
    "ir_z1": 0.4,
    "n": 15
}